Contract,customers,avg_monthly_revenue,monthly_churn_hazard,expected_lifetime_months,avg_ltv,cost_per_churn
Month-to-month,3875,66.39849032258064,0.023679391060493334,42.23081570996979,1660.9576080119214,2060.9576080119214
One year,1473,65.04860828241684,0.002680315825165905,72.0,2486.9458321321463,2886.9458321321463
Two year,1695,60.770412979351036,0.0004990850108135085,72.0,2323.381379964108,2723.381379964108
